source_file,family,metric,p1_common4_mean,p4_all5_mean,p4_common4_mean,pct_change_p4_all5_vs_p1,pct_change_p4_common4_vs_p1,p1_pair_count_common4,p4_pair_count_all5,p4_pair_count_common4
G2_LOCATION_PAIRWISE.csv,aggregate,location_l2_distance,2.04563904806381,1.454254812379425,1.4825733126722704,-28.909510514287838,-27.525175368766995,6,10,6
G2_PROJECTION_DISTANCE.csv,F_count_plus_initial,projection_frobenius_distance,2.3270779139540583,1.9017174959982786,1.8465525952448747,-18.278735550930815,-20.64930081746589,6,10,6
G2_PROJECTION_DISTANCE.csv,F_dynamic_scale,projection_frobenius_distance,1.5075865953290168,1.7419860608438462,1.6825016962125396,15.547993477858824,11.602325294312488,6,10,6
G2_PROJECTION_DISTANCE.csv,F_seriousness,projection_frobenius_distance,1.5313406913057144,1.4854325954257912,1.5724855507317077,-2.9979021742561507,2.686852093697767,6,10,6
G3_SIGMA_PAIRWISE.csv,aggregate,relative_frobenius,0.2802538463735395,0.13965140753397082,0.14302301365896683,-50.16967319412456,-48.96661883157992,6,10,6
G3_CORRELATION_CONSEQUENCE.csv,aggregate,correlation_rmse,0.01379890272140565,0.007806481488339662,0.00742196817060065,-43.42679526083042,-46.21334521702754,6,10,6
G3_SPECTRUM_CONSEQUENCE.csv,aggregate,spectrum_l2_distance,0.011704612000302532,0.00652958317645385,0.0072653759067502835,-44.213587120315665,-37.92723836926424,6,10,6
G3_COMPONENT_PAIRWISE.csv,aggregate,relative_frobenius_B,0.25026297273398296,0.13266960528193758,0.11812035550671501,-46.98792081281687,-52.80150546590403,6,10,6
G3_COMPONENT_PAIRWISE.csv,aggregate,relative_frobenius_L,0.8195253924913319,0.7086181170370609,0.6703030776866092,-13.53311031853648,-18.208382091870444,6,10,6
