path,size_bytes,sha256
89_phase3c4v_v3_g2_deterministic_stability_execute.py,58749,50a7cbcdc6f5c58e32515a00c55076ad8548e6f79917e3e35a8731576c943725
91_phase3c4v_v3_g2_deterministic_stability_execute.py,77860,e1d89cc98a43d4b381d80142148286f5e7790bfe011622d4572a4ad77c0bbc52
92_phase3c4v_v3_g3_covariance_consequence_execute.py,67292,87f45eb64c2bf94e230062523cbe554c62cdbed804744e4f0e19d049606e50ab
AI_COMPUTER_EXTENSION/AI_COMPUTER_EXTENSION_PROTOCOL_FREEZE_V1.json,2152,4ea7f0dd319033b885098945a2dc4b30202a207cb35786b49dfaf169f45d1b9e
AI_COMPUTER_EXTENSION/AI_COMPUTER_EXTENSION_PROTOCOL_FREEZE_V2.json,3195,d0a87c84a97a2e3e6d84eacf8342817c4bc1d0c434e5cc049a455e9e9aef1048
AI_COMPUTER_EXTENSION/AI_COMPUTER_EXTENSION_PROTOCOL_FREEZE_V3.json,4127,89d24930d3954e14d966515b24ea043dd0b6264bf02bc332475e785a01f19552
AI_COMPUTER_EXTENSION/AI_EXTENSION_STATUS.md,810,c76121a766d570dfc61e4c05de9ebec678e60974f9d097ee88ec80f5ae4ed9af
AI_COMPUTER_EXTENSION/FIG6_SOURCE_DATA.json,7333,e99ea0ef5fd587238bd7cc28c0a46c8638e8f34fb05fd647db52090262cb9534
AI_COMPUTER_EXTENSION/README_AI_EXTENSION_V8_8_0.txt,792,b1a0027c276e808995865f2c09a2f5f4ea256f72f53b69fc13ba6f78f334c9bc
AI_COMPUTER_EXTENSION/TABLE6_SOURCE_DATA.csv,672,32c16ca035e0757ed56c3fafd17f7926f819c79111752658121d972432d4c253
AI_COMPUTER_EXTENSION/reproduce_ai_extension_inputs.py,587,f4bb8614988c6b6d7b63c14665250c2012d237735948bd459c2a47a1cb62e949
AI_COMPUTER_EXTENSION/results/AI_EXTENSION_E1_E2_RUN_MANIFEST.json,553,73d238338a64a132246c11a92a3e2d4a17ad4d726b526e8100edf9811ddbc46b
AI_COMPUTER_EXTENSION/results/E1_NUMERICAL_EQUIVALENCE.csv,362,a310bd7f06d2af293959c8e5df7c3198ddd06e1581239dfb8e6f663dcefc77bb
AI_COMPUTER_EXTENSION/results/E1_SCALABILITY_BENCHMARK.csv,1439,fdb734ff2e6f21fa993b4b68c787ea8f67dd3959c617fe397d0eca28e8211d0c
AI_COMPUTER_EXTENSION/results/E2_STRUCTURAL_ABLATION_SUMMARY.csv,510,94acee260feee1d9348cf3bdcd4d41b65bd07f48e36d43bdfd87e12e9aa4e3a7
AI_COMPUTER_EXTENSION/results/E2_STRUCTURAL_ABLATION_TARGETWISE.csv,2895,01ceeccfe90113e20b6b2f52eb83a4d6dd35cc7974462c472ba56a4c5283d2d8
AI_COMPUTER_EXTENSION/results/E3_RANK_CAPACITY_SUMMARY.csv,601,25a71ff74ad6e6c4561d3804c1574f7b9f260ffcc982123bdd281764e6fe73c8
AI_COMPUTER_EXTENSION/results/E3_RANK_CAPACITY_TARGETWISE.csv,3443,d921429a86fd3a5a3b0b9a83817d3148bc57811c87a130a3f5b01501700d49a1
AI_COMPUTER_EXTENSION/results/E4_NUMERICAL_CONDITIONING_STRESS.csv,1023,bd7a1aa2328747bda273b37e5b64da8bbdad183892142c48b6f7fbb39b1e6d98
AI_COMPUTER_EXTENSION/run_ai_extension_e1_e2.py,9961,01024119f4278dd8bd122146fe1d1460adaae68f445db98c8784366f1b668459
AI_COMPUTER_EXTENSION/run_ai_extension_e3.py,2262,0bfbb42e30e83bb8fb71c39d36fd66e291bc59a694ff8e9219114956a10c9f1f
AI_COMPUTER_EXTENSION/run_ai_extension_e4.py,2753,b5ed8e12d98249457b34ab2d2ea64ff09c1bc4a1e02410d189cc378b3af45c26
AI_EXTENSION_SHA256_MANIFEST.json,3842,9fb66fb54c664e0beb276d48acca225acfc1914bb885f1dca53ce1c86d7f39ae
G1_FROZEN_PROJECT_SOURCE/README_FROZEN_SOURCE_RECOVERY.md,1677,c8923b6df936fc49faf9801b4d78ccd6473ff63c0019aa52b7a145a528487a56
G1_FROZEN_PROJECT_SOURCE/README_S2_SOURCE_RELEASE.txt,2246,24dcf1506d6545c0fff04c37ca2de2adfca9debb35fc1042650e962f92ab47e2
G1_FROZEN_PROJECT_SOURCE/SOURCE_IDENTITY_MANIFEST.csv,17814,497f9d710049b05169f3c90547a168200295f9a087e36b856d673d3598d5b5b8
G1_FROZEN_PROJECT_SOURCE/config/data_lock_v1.yaml,1830,7037658f9d4e4c189a508d66b386eefb13799280420bc7cecc229660540b369f
G1_FROZEN_PROJECT_SOURCE/config/frozen_model_v1.yaml,2627,3d73023f090c0a8e518db49ffa9c5287a5f5ac9bb69a92a8058bb9e0f6285d35
G1_FROZEN_PROJECT_SOURCE/config/phase2_acceptance_gates_v1.yaml,984,73e72398ba6680a79f2304304addbe73e4e1aea7c1b8bb6953f3bc9285e8291a
G1_FROZEN_PROJECT_SOURCE/config/phase2_etl_v1.yaml,2128,ab1a5fbd1a15775048922d02574c1257d8964d4efba54ff91bda59826fcdc63f
G1_FROZEN_PROJECT_SOURCE/config/phase2_simulation_v1.yaml,690,27f3be788057e55c67e344dcbc3ff84b8acbb8b48863d14ab5687588c3238c43
G1_FROZEN_PROJECT_SOURCE/config/phase3_baselines_v1.yaml,1306,2235df8e1bef009e45334c48054a775e54b64b905e5f5c1dbb0eda40d9e23a41
G1_FROZEN_PROJECT_SOURCE/config/phase3_formal_sim_v1.yaml,3121,077da82458aad28b8896d33d1416366db744a480c831a70d7e630aea62db7ad2
G1_FROZEN_PROJECT_SOURCE/config/phase3_inference_v1.yaml,1268,3968cd69b55eb3ee6a9332530eb06c4e8a8c3119a01b49c566a7040e429c08b5
G1_FROZEN_PROJECT_SOURCE/config/phase3_priors_v1.yaml,1549,4cac35ff14c1f3e09489985717b55bcb046e40121f6b23c82a7b36503562122a
G1_FROZEN_PROJECT_SOURCE/config/phase3b_ablation_v1.yaml,689,a327b58fdc21a450b7536676437a9a0e8d053f2bd35f215b2d61650083fbfc98
G1_FROZEN_PROJECT_SOURCE/config/phase3b_hierarchical_sim_v1.yaml,1364,ed9f18b8bdd8b88ad364cac4313f334e9e03bc909d9540125a3e8c97c3f5f8cf
G1_FROZEN_PROJECT_SOURCE/config/phase3b_nuts_validation_v1.yaml,723,f1d4f8597ee92e44722c3ae0bddb8028edf336fbea9bf29e07a613a7c65cbc79
G1_FROZEN_PROJECT_SOURCE/config/phase3b_optimizer_v1.yaml,1078,4ee1a0589834169102ec9041ead7fee0c959cb8469d284ef5a360a3062c4c28f
G1_FROZEN_PROJECT_SOURCE/config/phase3b_tiera_seeds_v1.csv,4060,2054361bc280a975b9694f1de40cad87884da9bf7bd1c9fbbd691faea229c7db
G1_FROZEN_PROJECT_SOURCE/config/phase3b_tierb_seeds_v1.csv,8212,7c299b9d27d0bd0bdffd821e76f4aaee87c12468c29529d625a1c1714056c2a6
G1_FROZEN_PROJECT_SOURCE/config/phase3c1_direct_path_pilot_v1.yaml,1036,d689f8ca012657ecff361534a0ede4a5a7177cc4c63d8f074a7047b62b17a0bb
G1_FROZEN_PROJECT_SOURCE/config/phase3c2_level_contrast_pilot_v1.yaml,1549,1c0e7939f7dc163e0b4d4d8404f4d8db842137e990e12829835ba321a0560776
G1_FROZEN_PROJECT_SOURCE/config/phase3c3_background_scale_pilot_v1.yaml,2623,231848cbe14ee6d63d4942b5713ee91298a8137b8d0e395769dca34884e90001
G1_FROZEN_PROJECT_SOURCE/config/phase3c4_joint_scale_pilot_v1.yaml,2428,38d97ae1fbeb99d527504e38df1428a270b154640708fc70777f4413b3daa17d
G1_FROZEN_PROJECT_SOURCE/config/phase3c_acceptance_gates_v1.yaml,1894,9497fa1d9c1a05837dd6b2477b99197b3d862f16469ee63ec46d0cb1189fbec2
G1_FROZEN_PROJECT_SOURCE/config/phase3c_nuts_stabilization_v1.yaml,2046,e2ed665fb9142acc9bf7646eecf98e7f474246f9d656fdab5dcbf93efa55f407
G1_FROZEN_PROJECT_SOURCE/config/phase3c_svi_stabilization_v1.yaml,1455,aa956de037da737cf5761f4bdbc91d6e4bc780d2d6308917a60316e9e46a2115
G1_FROZEN_PROJECT_SOURCE/config/phase3c_tiera_seeds_v1.csv,4966,448f6eb1fe5926d8a6bc1e5a37064dcdee93dbcefd5d4dd4f68c5a666501b311
G1_FROZEN_PROJECT_SOURCE/config/simulation_v1.yaml,686,b0e04bb107c6fd1e8a6fae641222489a8a54ad1836a9cac884d25f59722b6a53
G1_FROZEN_PROJECT_SOURCE/pyproject.toml,658,3b694693cb73c6490066ae36d731b5c053e8bc51298cc9f7f906d49a1c323f42
G1_FROZEN_PROJECT_SOURCE/requirements-frozen.txt,419,793cd13c5114cd2b91383bd7adeb728906fcaa8fa481baf2f7e797039a9316ea
G1_FROZEN_PROJECT_SOURCE/scripts/00_capture_environment.py,967,e06f500a61de55ca4b30b92dd4e87e8f6a2271d803c21505e58f39e237530626
G1_FROZEN_PROJECT_SOURCE/scripts/01_fetch_fda_qde.py,2392,421ca177847bb29a097d50faa3e9a74d7d401b50c5dd90b0f758fdce84c03fba
G1_FROZEN_PROJECT_SOURCE/scripts/02_fetch_canada.py,1740,30ff3cc2ecad3de9a111fe9522b5ba910b8102fae03da5d1a3311e9f6f3c1977
G1_FROZEN_PROJECT_SOURCE/scripts/03_extract_fda.py,484,d8b4a06dc4ec01f2f362585fe302fa180e7bbb5c1c489f95c1c136360653dfd9
G1_FROZEN_PROJECT_SOURCE/scripts/04_audit_raw_schemas.py,663,4dadbc64c2df6baa6ae8af270011f2f1cd90fa08dd307c24255a30a27b132ea4
G1_FROZEN_PROJECT_SOURCE/scripts/10_run_sim_smoke.py,961,800891b372b83278624212f8d47b2c2d754147a29e13f66e77f42bebcd6c0dc8
G1_FROZEN_PROJECT_SOURCE/scripts/11_run_unit_tests.py,288,a99e173209da0ca53ba593c1facb30bd39d5144505a7cb9c5c56233e139b65fe
G1_FROZEN_PROJECT_SOURCE/scripts/12_verify_freeze.py,870,3a1a94ffa74106326e55e1949b77d7072438896d34962ccbc22c391082647e18
G1_FROZEN_PROJECT_SOURCE/scripts/20_run_phase2_etl.py,462,39c2cf77e3be567a333844ad52789087e3d6a52dfc3d649fb5acb66f8499e92e
G1_FROZEN_PROJECT_SOURCE/scripts/21_run_phase2_simulation_smoke.py,2053,2c6f9843f2ba878a4ff6ace5453d723eca2c69ceb22965edaac4aa5142bbe789
G1_FROZEN_PROJECT_SOURCE/scripts/22_run_phase2_reference_model_smoke.py,5972,3b7448bd0b9f237ece9967830d89e2533c8a3438c48b435b123c2f5b939d70d3
G1_FROZEN_PROJECT_SOURCE/scripts/23_run_phase2_tests.py,1923,ba07e86770ac82702282ab5b315a1a411adf301e2e6a1fa4647e1438f831266e
G1_FROZEN_PROJECT_SOURCE/scripts/24_verify_phase2_reproducibility.py,5581,68521e2994768cb67230c8533e6c2f45e646613d1474f0f4cb23e4302a25d088
G1_FROZEN_PROJECT_SOURCE/scripts/25_retry_canada_phase2.py,4454,09725c2dfc24e898a5197e16084b003efd33c96688621af77eb8dd55097379de
G1_FROZEN_PROJECT_SOURCE/scripts/30_freeze_phase3_simulation.py,4535,e41889f2b5ef6ff4cb7caeabd8c4b177e1c1cfa58a1d3438188c68ec8feed70e
G1_FROZEN_PROJECT_SOURCE/scripts/31_run_phase3_formal.py,12790,92e7ce731f6e98ba74ae66c154f2781af3dfd7171844c6f5c1aebfc7ef927793
G1_FROZEN_PROJECT_SOURCE/scripts/32_run_phase3_reference_validation.py,8717,93872da46460c6c41be2339a1ea8fbae03ae16b0698bfe03a34ab4b4e38367e6
G1_FROZEN_PROJECT_SOURCE/scripts/41_phase3b_preflight_and_freeze.py,13795,929a00baa282403601a7872b5a24f3722705a8b8ce73cec9e8fb6d1529c4a676
G1_FROZEN_PROJECT_SOURCE/scripts/42_run_phase3b_tiera.py,10440,fa52447460238be89e1a2a708c97bf9eb6233a6f500e0c2c96ef4300bbb62efc
G1_FROZEN_PROJECT_SOURCE/scripts/43_run_phase3b_tierb.py,15540,72bcb19d7f64aa84311849f1b71f864089f818f911b5883c8babdcc06fa59e9b
G1_FROZEN_PROJECT_SOURCE/scripts/50_phase3c_preflight_and_freeze.py,16088,bb4d47c96f28448fae3cef4ab8e0a450d16132d7c58153dd27f7a84c44949cad
G1_FROZEN_PROJECT_SOURCE/scripts/51_run_phase3c_nuts.py,30360,1239716a2c73ed1faf3f6085a8bce361553c81c9ad4245bb9149845c45bcff4f
G1_FROZEN_PROJECT_SOURCE/scripts/52_compare_phase3c_vi_nuts.py,9359,458a1d5ff1d302cf8bb17f35b47343d347aba77a5b56b1bfc0f5c50b0f311946
G1_FROZEN_PROJECT_SOURCE/scripts/53_run_phase3c_tiera_recovery.py,20282,f06df7b68453787fb4f410d2e982a14c941542e658b8704aa25685bf7117420e
G1_FROZEN_PROJECT_SOURCE/scripts/55_phase3c1_direct_path_pilot.py,11552,2727b81ce574245407589ba8f54e905258051162b7529ca6f21808b3a3b71d10
G1_FROZEN_PROJECT_SOURCE/scripts/56_phase3c2_level_contrast_pilot.py,11674,b937fa4924528267a37024da71d13ef92200d67fd770be364c1e70bba67d204d
G1_FROZEN_PROJECT_SOURCE/scripts/57_phase3c3_background_scale_transport.py,25906,687fcda313195c24a7afa0d290fb05ecab8516e666cc94804a006aa037cca8cf
G1_FROZEN_PROJECT_SOURCE/scripts/58_phase3c4_joint_log_scale_radial.py,19918,b98f15d4ef53ac34345e9a2e666e07024f583a15d1316ed9a85b3ed77de273be
G1_FROZEN_PROJECT_SOURCE/scripts/59_phase3c4_pilot_runner.py,28534,1ca23d4ee0052a735027b1b1595943d40e6710a81958cbe7be7a8c1a4dc42da7
G1_FROZEN_PROJECT_SOURCE/scripts/61_run_phase3c_variational_v1_pilot.py,56976,db2ba5a31ccf79cc2b323950d093c987d5b3d0bf816b2a5045ffd30a9b795dcb
G1_FROZEN_PROJECT_SOURCE/scripts/62_phase3c_variational_automation_controller.py,38311,7401025c396ff8ac01e201bf931431ee9569b311454df5d63d570e600fe94cd2
G1_FROZEN_PROJECT_SOURCE/scripts/63_phase3c_variational_watchdog.py,23698,584466507d9b2631a5657abfafe8e17335669f56af6dc62973eac056fd52fed7
G1_FROZEN_PROJECT_SOURCE/scripts/64_run_phase3c4v_parameter_persistent_validation.py,62523,6879309eaf50505da8b923fe4705a48581d21f4c91bf4dfddaaffb98019a0ade
G1_FROZEN_PROJECT_SOURCE/scripts/65_phase3c4v_v2_deterministic_implementation_preflight.py,23299,7495bfad8513f02611f869a7586142f53f6a6ed3c1ae9b1e79b9ff2c25db7d47
G1_FROZEN_PROJECT_SOURCE/scripts/66_phase3c4v_v2_corrective_deterministic_g0_preflight.py,43656,1185f5952f70c6dfdf27f7295244ec5a6dd5c907e59c3fd86ab4ecec9ecfc121
G1_FROZEN_PROJECT_SOURCE/scripts/67_run_phase3c4v_v2_g1_validation.py,19239,1fab70d72ea8046ce7aebd288f50d495fcdc1ac10858f13ac4dc0f123b9fb0bc
G1_FROZEN_PROJECT_SOURCE/scripts/68_run_phase3c4v_v2_g1_execution.py,48585,d8a5cbdb0b84e96746e3d24ecd8c41d1dcf8c1c5aa98ae5361d8419e80134864
G1_FROZEN_PROJECT_SOURCE/scripts/69_run_phase3c4v_v2_g1_execution_final.py,78724,0cf75b671cf4e09580af01587c591910a914a9114a437526f38e6a525a5ee3b2
G1_FROZEN_PROJECT_SOURCE/scripts/70_run_phase3c4v_v2_g1_execution_recovery.py,99231,6bcbb4ab195beed63bac89f88e2e719b7996f157aba42df29b7c73ccfcc902f0
G1_FROZEN_PROJECT_SOURCE/scripts/71_run_phase3c4v_v2_g1_third_canary.py,111727,743f1d530157d40371f459be5a59a8f820bbb8f15eec557903c70adba7103436
G1_FROZEN_PROJECT_SOURCE/scripts/72_launch_v2_seed3003_detached.sh,2440,3f320f7f11a76ffde59c279df12ca786fb9ad39610f7f4c5dd460170c05e38c4
G1_FROZEN_PROJECT_SOURCE/scripts/73_run_phase3c4v_v2_g1_remaining_validation.py,127134,8818bb951eedd9e4eb27036078aa873206e9dda0243955ee11466af93b65c21e
G1_FROZEN_PROJECT_SOURCE/scripts/74_launch_v2_g1_remaining7_detached.sh,2882,bbeb88e64ebc10541e1e292d3c1faac06f78e5b43286787b4e7433e8ba1fbaf6
G1_FROZEN_PROJECT_SOURCE/scripts/75_run_phase3c4v_v2_g1_remaining_validation_resumable.py,148307,5532a5923ecb21780537763667cc9d7064a1ffa9c1fd8a070416a07e948fc0b1
G1_FROZEN_PROJECT_SOURCE/scripts/76_launch_v2_g1_remaining7_resumable_detached.sh,2797,a3d561bc3724671867e2434544500a9e54421bef879c51e8ac1f4bbced7a0311
G1_FROZEN_PROJECT_SOURCE/scripts/77_phase3c4v_v2_g2_deterministic_stability_analysis.py,14542,31c180baa3a8afff7d8b39907a469a01107c6e1d7d334b3b6618936ffd055296
G1_FROZEN_PROJECT_SOURCE/scripts/78_phase3c4v_v2_g2_deterministic_stability_execute.py,41901,516a6701aa8fa8f6b120dc58c6cc7f6fd741912d0f4a38624305f73c714e2d1a
G1_FROZEN_PROJECT_SOURCE/scripts/79_phase3c4v_v2_g2_deterministic_stability_corrected.py,53080,f2d0c9e22bd1ea9ef36ce29ea05114e0e13e3a65d95a54bc9538f6d87f7364fc
G1_FROZEN_PROJECT_SOURCE/scripts/80_phase3c4v_v2_post_g2_factor_component_diagnostic.py,30851,5be696766c85da94455b96bab6f285193fb0c3b5d55d5159cf715d5d62f5b6ea
G1_FROZEN_PROJECT_SOURCE/scripts/81_phase3c4v_v3_deterministic_g0_preflight.py,26577,8998f80343d61466f0c494610000bc3345323e932cca53ca49205988fc3e3de5
G1_FROZEN_PROJECT_SOURCE/scripts/82_run_phase3c4v_v3_g1_validation.py,22269,d906cb26cea1b60fe214d68cf5f0face7c8b20dccf0efae610e4360e012809a2
G1_FROZEN_PROJECT_SOURCE/scripts/83_run_phase3c4v_v3_g1_canary_execution.py,44997,e96f17fe10a19b8fd3eaf253843e2faa7772f684ef8ba02be8814b253c357dcb
G1_FROZEN_PROJECT_SOURCE/scripts/84_run_phase3c4v_v3_g1_canary_execution_corrected.py,65038,c9a86994753fb1baaf0fa1eb306cbbbea6f87cb22b2ad4fcb0c28550f3968aff
G1_FROZEN_PROJECT_SOURCE/scripts/85_run_phase3c4v_v3_g1_canary_final.py,67817,da5621ccf5afed423c10f05531c6005effe832a0fc2c12d8dabba452528c210c
G1_FROZEN_PROJECT_SOURCE/scripts/86_run_phase3c4v_v3_g1_canary_terminal_semantics_final.py,65987,3491981c1be3dba35e541128ef497119ee7b74d4539f6632e1b85d903ef6ffd4
G1_FROZEN_PROJECT_SOURCE/scripts/87_run_phase3c4v_v3_g1_remaining_matrix.py,73361,24102da589e2c5992754d129c87f49c05f6eb3bbdf4b85af14e215d36cbda815
G1_FROZEN_PROJECT_SOURCE/scripts/88_phase3c4v_v3_g2_deterministic_stability_execute.py,52175,8d3ecc686760124ab41ff177604ecaa0b6fb391c8ce273fab6489c294d9b1afb
G1_FROZEN_PROJECT_SOURCE/scripts/89_phase3c4v_v3_g2_deterministic_stability_execute.py,58749,50a7cbcdc6f5c58e32515a00c55076ad8548e6f79917e3e35a8731576c943725
G1_FROZEN_PROJECT_SOURCE/scripts/90_phase3c4v_v3_g2_deterministic_stability_execute.py,69689,fcf850437f6bf3419903ef25ac86dfa8fbb0948314fb5559f0ac16bf8819dd15
G1_FROZEN_PROJECT_SOURCE/scripts/91_phase3c4v_v3_g2_deterministic_stability_execute.py,77860,e1d89cc98a43d4b381d80142148286f5e7790bfe011622d4572a4ad77c0bbc52
G1_FROZEN_PROJECT_SOURCE/scripts/92_phase3c4v_v3_g3_covariance_consequence_execute.py,67292,87f45eb64c2bf94e230062523cbe554c62cdbed804744e4f0e19d049606e50ab
G1_FROZEN_PROJECT_SOURCE/scripts/Q2_SIMULATION_V7_ENGINEERING_STRESS_RUNNER_V1.py,7283,41bfa2553e4e5cf586bfb765b801c15f872c40fc4bb675a5b3a4e98510076ad0
G1_FROZEN_PROJECT_SOURCE/scripts/Q2_SIMULATION_V8_ENGINEERING_STRESS_RUNNER_V1.py,6282,e510679d6aa473a6671305e70b2d23a9501a1e56a8330b47270e7a95c545fcd2
G1_FROZEN_PROJECT_SOURCE/scripts/Q2_simulation_analyzer_V4.py,10269,11cd8f2909fb3398609cd73023ffeb693da20cbc777a86aa841201b8aef5f37c
G1_FROZEN_PROJECT_SOURCE/scripts/Q2_simulation_analyzer_V5.py,13873,f0a52d1ad60d9b7707927c0276a850a347106cf96794fa9cc20c1a6b8a3fecbd
G1_FROZEN_PROJECT_SOURCE/scripts/Q2_simulation_analyzer_V6.py,16787,e8996cf91f42f0ce481d2e2990a0720550e6b8ce5419ebe9d93990469b5285a7
G1_FROZEN_PROJECT_SOURCE/scripts/Q2_simulation_analyzer_V6_1.py,16965,34d66be2f259bd4208d4a33972281dd50a4dc7a3c1fd430774c390d3868db691
G1_FROZEN_PROJECT_SOURCE/scripts/Q2_simulation_analyzer_V7.py,18389,68784a8ca8dd52bc93b92ee4cfca151a70774011f480344eac60430346926260
G1_FROZEN_PROJECT_SOURCE/scripts/Q2_simulation_analyzer_V8.py,18511,bb819b7ebeacb71c99d6f4355705bae2cdfabd4fc0273d875805598d76adbb3c
G1_FROZEN_PROJECT_SOURCE/scripts/Q2_simulation_metrics.py,6469,c5e3e5037010f7d75d7f28a3ee555746e61f25d51d3a3aeb4bd655c17fc4a930
G1_FROZEN_PROJECT_SOURCE/scripts/Q2_simulation_metrics_V3.py,7681,c11cdca789afe928ea0ad17a4bac027023b023c7f44e66e7c843c91c48183b53
G1_FROZEN_PROJECT_SOURCE/scripts/Q2_simulation_metrics_V4.py,7758,7a008dbdcc8cb5cf82be11d9816507ad1e43f58ca0bbe80606bb160b33da9144
G1_FROZEN_PROJECT_SOURCE/scripts/Q2_simulation_module_a.py,7642,ff4ed98eb39b20c0e8c214e921ef716c4b26224dcb8a24ae9ee6d7660a7d79f2
G1_FROZEN_PROJECT_SOURCE/scripts/Q2_simulation_module_a_V3.py,8445,d938ccc61aee82545b38d7b1824466ce083fb1499b6f2e20e67cd8fa9dfa8c82
G1_FROZEN_PROJECT_SOURCE/scripts/Q2_simulation_module_a_V4.py,8526,0e55762f7be6630486001a76e0df883c0f9f49d360372220dd96a2e2f544cc90
G1_FROZEN_PROJECT_SOURCE/scripts/Q2_simulation_module_a_V6_1.py,9485,c6771fcaa5537562f0835e41a599723f44a74782c5878ad9b129181ada02d97f
G1_FROZEN_PROJECT_SOURCE/scripts/Q2_simulation_module_b.py,8183,b9a6e693c3b714c1ae455ba9c453ef876e8557e4569f12ee477f24cf672208d6
G1_FROZEN_PROJECT_SOURCE/scripts/Q2_simulation_module_b_V3.py,8750,f503c86b9823d9a751de31e875539bd1ebee7cfe104ea846d4da544821c93948
G1_FROZEN_PROJECT_SOURCE/scripts/Q2_simulation_module_b_V4.py,13693,1ff36c62c897dbbdb48ee20ce49bbbd1720f4d9eb3d9a8a92e608a69748f7004
G1_FROZEN_PROJECT_SOURCE/scripts/Q2_simulation_module_b_V6.py,18897,7bd499b2c4f54840be5b4ef89eecc278bf9ebb07884cb8c0c1297f118a39d3f5
G1_FROZEN_PROJECT_SOURCE/scripts/Q2_simulation_module_b_V6_1.py,21782,87ded137a36dfbbedd378fac8538434d0f5def670c902d8743644f4834734061
G1_FROZEN_PROJECT_SOURCE/scripts/Q2_simulation_module_b_V7.py,24518,e25608eb108fd5b685ffacc2d037a711abce60ca46a7be64d3f6ea8c25eb34f7
G1_FROZEN_PROJECT_SOURCE/scripts/Q2_simulation_module_b_V8.py,25328,39900bf608d9cb914c394010e7764a0add887c663d96166aee51209960a5fa94
G1_FROZEN_PROJECT_SOURCE/scripts/Q2_simulation_target_generator.py,5965,79a596ee82eefa3fd75d52a8004c6a54afc3eff1498ff0440e6b3201abb0ffa6
G1_FROZEN_PROJECT_SOURCE/scripts/Q2_simulation_target_generator_V3.py,5894,61edbe0cfcbfd92a139f605c4746ad95ee01f65229aee17b4ec33603996e4fbf
G1_FROZEN_PROJECT_SOURCE/scripts/Q2_simulation_target_generator_V4.py,5989,daf890ec155ac6a1a2887e8c65bed035ec5b2c96e897647a69e23870cd8054bf
G1_FROZEN_PROJECT_SOURCE/scripts/phase3b_sidecars/run_mddc.py,2800,d3630b79f53d87068f1f413304f5a704d91921fb29dcd00559d044672be6b385
G1_FROZEN_PROJECT_SOURCE/scripts/phase3b_sidecars/run_pvebayes.R,1952,52e0e79104392e4997e75cab727dbdc7cb770f4b89b47efa98bec95ad351e82e
G1_FROZEN_PROJECT_SOURCE/src/dhbcp_pv/__init__.py,22,91447944015cec709e8aa7655f7e9d64e1e4508e7023a57fe3746911c0fc6fed
G1_FROZEN_PROJECT_SOURCE/src/dhbcp_pv/baselines/__init__.py,42,2dbd6210c5e468001b044b9ed21afea47718a598002f3cc48a2886c3eef0ebc4
G1_FROZEN_PROJECT_SOURCE/src/dhbcp_pv/baselines/disproportionality.py,588,63147e6745b39de8e1533cd3876c9bda7c1c28ff55ea5ea55fe470119ecef989
G1_FROZEN_PROJECT_SOURCE/src/dhbcp_pv/baselines/phase3b_sidecars.py,4306,5c54b5d8a1301572fdc2424117101aaf91f0efd1ae4f5cce2d1a5c68324ec5c2
G1_FROZEN_PROJECT_SOURCE/src/dhbcp_pv/baselines/registry.py,10844,6fb620f7ce9d39de8c0d290e146a20dba5cb4021e1c72f2786a1ac0628afbbfa
G1_FROZEN_PROJECT_SOURCE/src/dhbcp_pv/config.py,269,7b183062643d3db765fbe418925d7773053cd921a1fe95f8be2b1f1197602639
G1_FROZEN_PROJECT_SOURCE/src/dhbcp_pv/data/canada.py,810,de58b2e95278c77c96701e0966123e54a8bee5fb7a33996e944ff5dc231c4ee0
G1_FROZEN_PROJECT_SOURCE/src/dhbcp_pv/data/common.py,1082,dcef5d934019362516117b3211af6eb52b3336268a6f78e5a462dfc4be462e6a
G1_FROZEN_PROJECT_SOURCE/src/dhbcp_pv/data/drug_mapper.py,2315,c9b6a6996cb16335a6ecaed8d88871d6a937230a25ce1404eb0d86ad246e9271
G1_FROZEN_PROJECT_SOURCE/src/dhbcp_pv/data/faers.py,1425,78a3224f811339d18394411eb996c6a17916557252ebf9d6929144281395e38c
G1_FROZEN_PROJECT_SOURCE/src/dhbcp_pv/data/faers_etl.py,44947,aea1fef61418384f91ef89f8abde855a851d2803cb9ad8259056ff158687bf6c
G1_FROZEN_PROJECT_SOURCE/src/dhbcp_pv/data/qa.py,3705,2fe1afba76e190c6283543dc37f2c313dee5c9ede447b323d825ffbdcb75ec74
G1_FROZEN_PROJECT_SOURCE/src/dhbcp_pv/decision/loss.py,545,faf6de6cb6854f4387af606f32981de9beb051aad7bd07f855f3c7fa82f9cfc6
G1_FROZEN_PROJECT_SOURCE/src/dhbcp_pv/evaluation/__init__.py,35,dbab510a594ec985c71a5ec4763e2cee97d77434f387e09b01fe861dca23bd09
G1_FROZEN_PROJECT_SOURCE/src/dhbcp_pv/evaluation/metrics.py,4809,11065fe0f86a284e13c2358a062c74a77b453ff44b57e3dc38da9c03481401f0
G1_FROZEN_PROJECT_SOURCE/src/dhbcp_pv/inference/__init__.py,52,1d067102929eb3a990bdf959bc935ba7ab076823e7424735336e7df0cd10c966
G1_FROZEN_PROJECT_SOURCE/src/dhbcp_pv/inference/filtering.py,9901,f8895037ec07d9f31a1af70d232fe136d53fddb5f13cf5e531ed506103174dbb
G1_FROZEN_PROJECT_SOURCE/src/dhbcp_pv/inference/phase3b_operational.py,7786,2fe28aa2da555495b46d65d711c7675383ccdebab661138e8730019f36b3851c
G1_FROZEN_PROJECT_SOURCE/src/dhbcp_pv/inference/phase3c1_direct_path.py,3463,6775b08f43596f12250dc5a1177b5947cd4dc2e782d4bc404353ab2c3dcd49b0
G1_FROZEN_PROJECT_SOURCE/src/dhbcp_pv/inference/phase3c2_level_contrast.py,4683,0af06fcd4b31081c9fa598cc91cb3d3fa552cad1bfff5d1a8bc5ceb481261cee
G1_FROZEN_PROJECT_SOURCE/src/dhbcp_pv/inference/phase3c_chainwise.py,4262,3d5b82a40b0d2d683bbac1d3fbfbe00c2f443a4bb64485d8cdeddaab90025294
G1_FROZEN_PROJECT_SOURCE/src/dhbcp_pv/inference/phase3c_stabilized.py,12340,5fd7d5ff8b6d89440ba56d091df669123b479c1c4a144c0b2c1984bbdbfcda49
G1_FROZEN_PROJECT_SOURCE/src/dhbcp_pv/inference/posterior_integration.py,11712,e728a044d4c0ffef51822a717e0aef4341a4943f6bc48ac855e1fd17e4a609e1
G1_FROZEN_PROJECT_SOURCE/src/dhbcp_pv/inference/structured_svi.py,22615,6b0779d906a1888b14c032eaaefb715c07747c23a711d7c928327995f34e4234
G1_FROZEN_PROJECT_SOURCE/src/dhbcp_pv/inference/structured_vi.py,3840,58c117f63fbc5fe4fb1ab6870f76cfb875ef955842b785cf045154576fc5b2ce
G1_FROZEN_PROJECT_SOURCE/src/dhbcp_pv/inference/v1_structured_lowrank_guide.py,9354,0116cdeac2c7157eb01512fec67892b6895466fa1d8168b02f1082604d11d878
G1_FROZEN_PROJECT_SOURCE/src/dhbcp_pv/inference/v2_shared_ar1_temporal_guide.py,14674,a3307ebec02beeb0d09b01efb6f6fda04b3d1e006676950966d5237c5fb5fee5
G1_FROZEN_PROJECT_SOURCE/src/dhbcp_pv/inference/v2_shared_ar1_temporal_guide_g0fix.py,18726,51e23a5c68d34d1d164b20a362cffc4667dedb39da6324426a6674783fa40fdb
G1_FROZEN_PROJECT_SOURCE/src/dhbcp_pv/inference/v3_local_block_ar1_guide.py,15316,19a66f8b40bb211a68dfd65993e9235498bb11f5e54594553611fea87561a07f
G1_FROZEN_PROJECT_SOURCE/src/dhbcp_pv/inference/variational_param_persistence.py,11460,0a89624c875da48b5b918cfe6974ff95319d8ff57bf6a31c699035b6d2ac8803
G1_FROZEN_PROJECT_SOURCE/src/dhbcp_pv/models/__init__.py,36,74ad709e0f35eabb75b69e718bc3cae282c21cfb19733a842daafaf0a14a6697
G1_FROZEN_PROJECT_SOURCE/src/dhbcp_pv/models/full_joint_model.py,13503,163c86e5708d1ed895e8cfb72ff4ff0332ea9cd0c1d2140a9dd66985f72c6a7c
G1_FROZEN_PROJECT_SOURCE/src/dhbcp_pv/models/hsmm.py,12614,5ff792aca911c23e300c75f7a46ff4313a7c4e18d07c4462c096cda4ba4fd890
G1_FROZEN_PROJECT_SOURCE/src/dhbcp_pv/models/joint_model.py,5104,d14bf009f49e049f4181befa3e2b2cc468f96af85d3127655ad04941746b55b1
G1_FROZEN_PROJECT_SOURCE/src/dhbcp_pv/models/reference_numpyro.py,2628,7c6772b211ab893bf680ebc972f19ec02bcfca8fedbe6efcd10fe84b471b7a06
G1_FROZEN_PROJECT_SOURCE/src/dhbcp_pv/models/smoothing.py,3118,afe93d26e1ded8aa00d4c66204e3960e0281e159a784ccbb8d9957ef06efb09e
G1_FROZEN_PROJECT_SOURCE/src/dhbcp_pv/models/sticky_hmm.py,2189,8d6b1ffd75037244d9b1aa5f869f49fa48e8db92716e94b0c29916697f6cd270
G1_FROZEN_PROJECT_SOURCE/src/dhbcp_pv/posterior/__init__.py,59,9e2a946ff80226ad4fc26736fe1ad8d894e000f8809991cea038423681d48510
G1_FROZEN_PROJECT_SOURCE/src/dhbcp_pv/posterior/outputs.py,1414,b0eb52160bfffb972aa47c95b8fbcd824e4466221536ef8a06350f9b1d9d9804
G1_FROZEN_PROJECT_SOURCE/src/dhbcp_pv/py.typed,0,e3b0c44298fc1c149afbf4c8996fb92427ae41e4649b934ca495991b7852b855
G1_FROZEN_PROJECT_SOURCE/src/dhbcp_pv/sim/formal_phase3.py,6186,41237ebe9fdff0ad3dcd9cf76ee42059ba5c792bc1960ab21413dc8ec59915a0
G1_FROZEN_PROJECT_SOURCE/src/dhbcp_pv/sim/generator.py,9165,7c98f06246b01974fd1d2d46a5ea12522b105c1b1021ef09651c9ebd24f39cda
G1_FROZEN_PROJECT_SOURCE/src/dhbcp_pv/sim/hierarchical_phase3b.py,12184,5617a62697337fbdfb2ded19f6a3ef8ce2061d6ab0bf91437272391f14bf3f8a
G1_FROZEN_PROJECT_SOURCE/verify_g1_source_hashes.py,1577,348b998a57499f33338aed8e58e183366cac09d4a72e5806e36a6f8bd2486049
G2_BLOCK_COVARIANCE_ALLOCATION.csv,2675,8d42f173f2a549e587d2d674c0545a9e56e725e986e26e24049d7614c80c9ccf
G2_BLOCK_DELTA_ALLOCATION.csv,6359,fcb87cc87a16a9462c4c0ff7592a108305638afb2efdcc7b3fbc59be17d2d1f0
G2_DELTA_RHO_PAIRWISE.csv,1368,b3b808a9ff9cd754f998dd77b0e3ccde0a17dc6b74b2bd3ad4f6f8c6e878a890
G2_FACTOR_PRINCIPAL_ANGLES.csv,6540,e470931fb7980522858ef676269dbe1bc0250c65e9136bda034d606d32c048a6
G2_LOCATION_PAIRWISE.csv,1512,7d0677dcecf24747a44e3a92e568bfc93d6ab40f5413c9ab89c1d87715990107
G2_MARGINAL_SCALE_CV.csv,174585,73f596a841b792612991bcf3d9c6af8aed411dbc40ed69d841a89d6182b07175
G2_PROCRUSTES_COMPARISON.csv,4764,d954aea7217f104889b86b49bba605f6e195be5e136b29d0b8847d80dd4df3df
G2_PROJECTION_DISTANCE.csv,4757,6c1cf4e6f572cc05bad907e093ec3952b640477602b65e062998b01fbdef9c5e
G2_RHO_VARIATION.csv,552,d3aecad5f8ef405393ba7c966b6098bd79156d6fa8ee14045522a6cd8fe39b23
G3_BLOCK_COVARIANCE_CONSEQUENCE.csv,6224,0650cdee5e90bb5638d60721e9f372a3a68dffae37bcf2cbcd7b846008ea96bf
G3_COMPONENT_DECOMPOSITION.csv,1296,1d07cb7900c6aa58cd33e66a5a04db34aaa552d4570a11fcbd94cc841211277b
G3_COMPONENT_DECOMPOSITION_EXTENDED.csv,715,6bd6dae7fca43814e2ccb9db4df26c10ad7616cbd9e10fd31131e4e07ba860d0
G3_COMPONENT_PAIRWISE.csv,1683,a21e6c1ceab4dd794fa7b0994199bd96bc964571e4b3f53df425ada6a9a013de
G3_CORRELATION_CONSEQUENCE.csv,1701,7dbb07bf5cdd170da2e1c7156bafef89e5fdc5fc42729cc8ebcd8af4c447c5c7
G3_SIGMA_PAIRWISE.csv,1672,74fcd54f7bd87ef4805df6d48b20555f7200a90f50c80c0e9eb6a83fe0db870e
G3_SPECTRUM_CONSEQUENCE.csv,1373,e28cdabc0a1d31cd36eeae4d3dca38c596bfe174fa727eba088d5571c49b1ae5
LICENSE_CODE_MIT.txt,1304,96d00c8315a3397276a90c4d6b2ec1b42e3e1c3b6a53809684db744d799fb35e
POSTHOC_MATCHED_FOUR_SENSITIVITY_V8_9_1.csv,1682,2457bcb72b79a0485c0c457d6b6f44e1643018ad9212521fdb34c5a5e7d1aa8b
Q2_SIMULATION_ELIGIBILITY_MATRIX_V8.csv,25200,d880326a2c0fa26c241a982fa058d8b9d3ced831a74714e3278e01b873185e87
Q2_SIMULATION_SEED_MATRIX.csv,26115,114b7e83d07411fdb19fadb064f23616a68c8020d346a3c21063aab889044c37
Q2_SIMULATION_TARGET_MATRIX.csv,1419,2c2b46ce14da53530efbdefb62f4534f2e9052cbaf79868a56deba6ad329e823
Q2_simulation_analyzer_V8.py,18511,bb819b7ebeacb71c99d6f4355705bae2cdfabd4fc0273d875805598d76adbb3c
Q2_simulation_metrics_V4.py,7758,7a008dbdcc8cb5cf82be11d9816507ad1e43f58ca0bbe80606bb160b33da9144
Q2_simulation_module_a_V6_1.py,9485,c6771fcaa5537562f0835e41a599723f44a74782c5878ad9b129181ada02d97f
Q2_simulation_module_b_V8.py,25328,39900bf608d9cb914c394010e7764a0add887c663d96166aee51209960a5fa94
Q2_simulation_target_generator_V4.py,5989,daf890ec155ac6a1a2887e8c65bed035ec5b2c96e897647a69e23870cd8054bf
README.txt,4210,8551ec76830713ca357d74cbf346517e5d2cbf4072d94be3ba1b22d2a8c7b1c7
README_AI_EXTENSION_V8_8_0.txt,792,b1a0027c276e808995865f2c09a2f5f4ea256f72f53b69fc13ba6f78f334c9bc
SHA256_MANIFEST.json,33616,84399efc8261dc1cd044eeef0fae31b1aa5fda75a36ffdd4f09597417851534b
SIMULATION_MODULE_A_SUMMARY.csv,288,9efef3549c8eedc87f38cfdf9930981c230834a7f5835a5ecb5744a993f76086
SIMULATION_R_PREFIX_SUMMARY.csv,362,4a20c852a3095e9b59c55b22376ec8fbaa83b040f7d2ba3d7846e5b1edc8e4b8
V3_RUN_MATRIX.csv,370,9e772c051bdc025a9e420f562f4baafbbab89c9add35a2ed888218af64531f74
V8_CELL_SUMMARY_FLAT.csv,4146,fcfd3993885699f111c1d10ec2c46bad939505bc82f443d61d460d7a58f3e7b5
V8_P4_VS_P1_DESCRIPTIVE_COMPARISON.csv,5004,fc1ae35ff3928790349ea12e3262b9ef7f1cdff7393afa779dae611a85f53ced
reproduce_matched_four_sensitivity.py,1817,890fce2e88c1493dde142286537aafcf22a2237264b2cbbd41805384d63f982c
reproduce_plos_outputs.py,24257,054bc7513c6f385ad15635f39e8e0ac82b3d1a73f21cdd07e5abe5a64480d30c
requirements.txt,40,b63aea5d6238472ccdd07a5fa41c45a7f62b98df8900d8c05344035431186cbd
